Entity,Mongolia
1991,46.86700058
1995,54.58100128
2000,53.00400162
2005,45.66500092
2010,33.52700043
2015,28.45299911
2017,30.42200089
