Entity,Belgium,New Zealand
2000,0.35774,0.25151
2002,0.43246,0.22241
2004,0.40965,0.23405
2006,0.49926,0.26789
2008,0.4786,0.30394
2010,0.63971,0.25533
2012,0.4746,0.27651
2014,0.46302,0.26946
2016,0.49859,0.25307
2018,0.44305,0.28282
